id,prons,loan1,loan2,char,definition,freq_score,black_variants,gray_variants
1,cá»§a,False,False,ğ§µ‘,"of; to belong to; properties, belongings",1,,ğ§¶®
2,vÃ ,False,True,å§,"and, also",2,,ğ¡•
3,lÃ ,False,False,ğªœ€,to be,3,ç¾…,ç½—ğ¦‰¼
4,má»™t,False,False,ğ ¬ ,one,4,,
5,cÃ³,False,True,å›º,"there is; to have; sure, of course",5,ğ£,
6,ngÆ°á»i,False,False,ğ Š›,people; person; human,7,,
7,trong,False,False,ğ¥ª,in; within,8,,ğ¥ªå†²
8,Ä‘Æ°á»£c|Ä‘áº·c|Ä‘á»±c,False,False,ç‰¹,to get; to obtain; to be able to,9,,
9,khÃ´ng,False,False,ç©º,no; not; without; (closed-question marker),10,,
10,Ä‘Ã£,False,True,ãŒ,already,11,,ğ °¹
11,vá»›i,False,True,å”„,(together) with,12,è²,
12,cho,False,True,æœ±,to give; so that,13,,
13,cÃ¡c,False,False,å„,each; every; all,14,,
14,tÃ´i|tui,True,False,ç¢,"I, my, me",15,,å€…ç¥½
15,á»Ÿ,False,False,æ–¼,to be (somewhere); at; to live,16,,æ‰µ
16,Ã´ng,False,False,ç¿,man; Mr.,17,,
17,vá»,False,False,ğ§—±,to return; about; (back) to,18,,ğ¡—…
18,Ä‘á»ƒ,False,False,åº•,to place; to set; to leave; to keep,19,,
19,cÅ©ng,True,False,æ‹±,also; too,20,,ç©·
20,Ä‘áº¿n,False,False,ğ¦¤¾,"to arrive, to come",21,,ğ¦¥ƒ
21,nÃ y|nÃ i,False,True,å‘¢,this; here,22,å°¼,
22,vÃ o,False,False,ğ “¨,in; into,23,,
23,nhiá»u,False,False,ğ¡—‰,many; much; a lot of,24,,ğ¡—Š
24,anh,False,False,å€,elder brother,25,,
25,Ä‘Ã³,True,False,å¦¬,there; that,26,,ğª¦†
26,nhÆ°,False,False,å¦‚,as; like; alike; similar to,27,,
27,nhÆ°ng|nhá»¯ng,False,False,ä»,(plural marker); some; as many as,29,,å¿
28,khi,True,False,æ¬º,"when, while; case, circumstance",30,,
29,trÃªn,False,False,ğ¨•­,above; at the top,31,,ğ¨‘—
30,ra,False,False,ğ«¥¨,to get out,32,,ğ¦‹¦ğ š¢
31,mÃ ,False,False,ğ¦“¡,but,33,éº»,
32,pháº£i,True,False,æ²›,right; to have to; must; should,34,,
33,láº¡i,True,False,å,"also; to come; again, re-...",35,,åˆ
34,cÃ²n,True,False,ç¾¤,"still; remaining; besides, also",36,,
35,sáº½,False,False,ğ ±Š,to be going to; will; shall,37,,
36,thÃ¬,False,True,ã–˜,"so, then; certainly",38,è¾°,ğ£Š’
37,nÄƒm,False,False,ğ¢†¥,year,39,,ğ«·œ
38,lÃ m,False,True,çˆ«,to do; to make,40,,
39,nhÃ ,True,False,èŒ¹,house; home; building,41,,èŒ„åºŒ
40,mÃ¬nh,False,False,ğ¨‰Ÿ,we; us,42,,ğ µ´ğ ‡®
41,Ä‘i,False,False,ğ «¾,"to go, to walk; come on!",43,,ğª 
42,con,False,False,ğ¡¥µ,child,44,,
43,táº¡i,False,False,åœ¨,"at, in; because, because of",45,,
44,hai,False,False,ğ „©,two,46,,
45,bá»‹,False,False,è¢«,to befall; (passive preposition),47,,
46,bá»‹,False,False,å‚™,ã€to prepareã€‘,47,,
47,viá»‡c|dá»‹ch,False,False,å½¹,job; work; business,48,,
48,chá»‰,False,False,åª,only; merely,49,,
49,sá»±,False,False,äº‹,"matter, business; occurrence, event",50,,äºŠ
50,theo,False,True,é¶,to follow; according to,51,,
51,cÃ¡i,True,False,ä¸,a; the; (numeral),52,,
52,vÃ¬,True,False,çˆ²,because; as; for,53,,ç‚º
53,hÆ¡n,True,False,æ¬£,more than; better than,54,,
54,nÃ³i,True,False,å‘,to speak; to say; to talk,55,,å¶
55,cÃ´,False,False,å§‘,"Ms., young woman; father's sister; husband's mother",56,,
56,ngÃ y,False,False,ğ£ˆœ,day,57,,ğ£ˆ—ãµ
57,má»›i,False,True,ãµ‹,new; fresh,58,,
58,lÃªn,False,False,ğ¨–², to rise; to ascend; to go up,59,,
59,ráº¥t,True,False,æ…„,very; quite,60,,
60,há»|há»™,False,True,æˆ¶,they,61,æˆ·,
61,bÃ ,False,False,å©†,woman; Mrs.,62,å¦‘,
62,cuá»™c|cá»¥c,False,False,å±€,"match, game; ã€circumstancesã€‘",63,,
63,sÃ¡ch,False,False,å†Œ,book,64,å†Š,
64,Ä‘á»“ng,False,False,éŠ…,"copper; brass; bronze; coin, money",65,,
65,Ä‘á»“ng,False,False,åŒ,"field; countryside, country; rural",65,,
66,Ä‘á»“ng,False,False,åŒ,same; similar; Dong (Vietnamese currency unit),65,,
67,sau,False,False,ğ¡¢,after; following,66,,ğª¢ˆ
68,Ä‘ang,False,False,ç•¶,currently; just; now,68,,
69,hay,False,True,å’,or; good; well,69,,ğ«¨©
70,sá»‘ng,False,False,ğ¤¯©,to live; alive; raw,70,,
71,nÃªn,False,False,ğ¢§š,"to ought to, shall; to become",71,,
72,biáº¿t|biá»‡t,True,False,åˆ«,to know,73,,åˆ¥
73,tháº¥y,False,False,ğ§¡Š,to see; to feel,74,,
74,rá»“i,True,False,è€’,already; then; after,75,,
75,thÃ nh,False,False,åŸ,citadel; city,76,,
76,thÃ nh,False,False,æˆ,to become; to change into,76,,
77,thÃ nh,False,False,èª ,sincere; honest,76,,
78,váº«n,True,False,å»,"still, yet",77,,
79,khÃ¡c,True,False,æª,other; another; further,78,,
80,nÄƒm,False,False,ğ „¼,five,79,,
81,nÆ°á»›c,False,True,æ¸ƒ,water; country; nation,80,,
82,nÃ³,False,True,ä¼®,"he, she, it (colloquial)",81,å¥´,
83,tá»›i,True,False,ç´°,"to arrive, to come",82,,
84,qua,False,True,æˆˆ,to cross; to pass,83,,
85,cáº£,False,True,å“¿,all; in total; completely,84,,
86,gÃ¬|chi,False,False,ä¹‹,what,86,,å’¦
87,Ä‘Ã¢y,True,False,ä½,here; this,87,,
88,sá»‘,False,False,æ•°,number; fate,88,,æ•¸
89,tuá»•i|tuáº¿,False,False,æ­²,age; year of age,89,,
90,thá»©,False,False,æ¬¡,"order, rank; sort, type, category; next, subsequent",90,,
91,ká»³,False,False,åœ»,"ã€border, boundaryã€‘",91,,
92,ká»³,False,False,æœŸ,"ã€period, time, ageã€‘",91,,
93,ká»³,True,False,å¥‡,strange; unusual,91,,
94,em,True,False,ã›ª,younger sibling,92,,è…Œ
95,nháº¥t,False,False,ä¸€,first; most (adverb for superlatives),93,,
96,trÆ°á»›c,False,False,ğ “€,before; ahead (of),94,,ğ«¾
97,báº¡n,False,False,ä¼´,friend; fellow; comrade,95,,
98,Ã½|áº¥y,False,False,æ„,"idea, opinion, thought; Italy; italian",96,,
99,áº£nh,False,False,å½±,"image, photo",97,,
100,báº±ng,False,False,å‡­,"with, by means of, using; diploma, certificate; evidence, proof",98,,æ†‘
101,báº±ng,True,False,æœ‹,"ã€friend, comrade, palã€‘",98,,
102,nÃ o,False,True,èŠ‡,which; any,99,,èŠ¾é—¹
103,Ä‘áº§u,False,False,é ­,head; top (of a multitude),100,,å¤´
104,Ä‘áº§u,False,False,æŠ•,"ã€to throw, to fling, to sendã€‘",100,,
105,nguyá»…n,False,False,é˜®,(surname Nguyen),101,,
106,ráº±ng,False,True,å“´,that; so that,102,æµª,ã–«
107,cÃ¡ch,False,False,æ ¼,way; method; manner,103,,
108,cÃ¡ch,False,False,é©,ã€reform; revolutionã€‘,103,,
109,viáº¿t,False,False,æ›°,"to write, to record; pen",104,,
110,tÃ¬m,False,False,å°‹,"to search, to look for",105,,
111,lÃºc,False,False,ğ£…¶,"moment, time",106,,
112,lÃ½,False,False,æ,(surname),107,,
113,lÃ½,False,False,ç†,logic; reason,107,,
114,chÃ­nh,False,False,æ­£,main,109,,
115,chÃ­nh,False,False,æ”¿,government; political affairs,109,,
116,áº¥y,False,False,ğ§˜‡,that,110,,ğ ‚
117,thÃ¡ng,False,False,ğ£ƒ,month,111,,ğª±š
118,há»™i,False,False,æœƒ,to meet; meeting,112,ä¼š,
119,nhau,False,False,æ†¢,"one another, each another, together",113,,ğ ‘¬
120,chÆ°a,False,False,ğ£—“,not yet; already (used in questions),114,æ¸š,ğ£ •
121,thá»i|thÃ¬,False,False,æ™‚,"ã€time; era, periodã€‘",115,,æ—¶
122,láº§n|láº­n,True,False,å,"time, times",116,,
123,do,False,False,ç”±,reason; cause,117,,
124,vá»«a,False,False,ğ£ƒ£,"suitable, fitting",118,,ğ£ƒ¤
125,muá»‘n,True,False,ã¦–,"to desire, to want, to wish",119,æ‚¶,
126,vÄƒn,False,False,æ–‡,literature; culture,120,,
127,cÃ´ng,False,False,å·¥,work; labour,121,,
128,cuá»‘n|quyá»ƒn,False,False,å·,"book, volume (publishing)",122,,
129,cuá»‘n,False,False,æ²,"to roll up, to curl up, to convolve",122,,
130,Ä‘iá»u,False,False,æ¢,occurrence; condition; terms,123,æ¡,
131,hoa,False,False,èŠ±,flower,124,,
132,hoa,False,False,è¯,chinese,124,,
133,lá»›n,False,False,ğ¡˜¯,big; large,125,,
134,ai,True,False,åŸƒ,"who; someone, somebody",126,,
135,ba,False,False,ğ €§,three,127,,
136,ba,False,False,çˆ¸,father,127,,
137,tiáº¿ng,False,True,ã—‚,sound; noise; language,128,,
138,Ä‘Æ°á»ng,False,False,å ‚,"ã€house, bureau, palaceã€‘",129,,
139,Ä‘Æ°á»ng,True,False,å¡˜,street; road; way; route,129,,
140,Ä‘Æ°á»ng,False,False,ç³–,sugar,129,,
141,tháº¿|thá»ƒ,False,False,ä¸–,world; era,130,,
142,tháº¿,False,False,æ›¿,to substitute; to replace,130,,
143,tháº¿,False,False,å‹¢,"such, so; ã€condition, appearance; position, influence, impetus, powerã€‘",130,,
144,tá»«ng,False,False,æ›¾,ã€ever; alreadyã€‘,131,,
145,nay,False,False,ğ«¢©,this (year or day); now; today,132,,ğ ‰
146,nÆ¡i,False,True,å­,"place, location, site",133,,
147,hÃ¬nh,False,False,å½¢,"appearance, shape; picture, photo",134,,
148,tiá»n,False,False,å‰,front,135,,
149,tiá»n,False,False,éŒ¢,"money, currency",135,,
150,ta,True,False,äº›,"we, us",136,,å’±ğ¢§²
151,nam,False,False,å—,south; southern,138,,
152,viá»‡t,False,False,è¶Š,vietnamese,139,,
153,trung|trÃºng|Ä‘Ãºng,False,False,ä¸­,center; central; Chinese,140,,
154,náº¿u,False,True,ğ ®©,if,141,,ğ¡€®
155,tráº»,False,False,ğ¥˜·,young; children,142,,ğª¨…
156,tÃªn,False,False,ğ¥Œ,arrow,144,,ğ¥‹
157,tÃªn,False,False,ğ ¸œ,name,144,,ğ ¸›
158,tháº­t|thá»±c,False,False,å¯¦,"true, real, actual",145,,
159,máº¹,False,False,åª„,mother; mom,146,,
160,cáº§n,True,False,å‹¤,to need,147,,
161,chuyá»‡n,False,False,ğ¡€¯,"matter; talk, story",148,,
162,má»—i,False,False,æ¯,"each, every",149,,
163,mang,True,False,èŠ’,to carry; to wear,151,,
164,Ä‘á»u|Ä‘iá»u,False,False,èª¿,even; equally,152,,
165,chá»‹,False,False,å§‰,sister; young woman,154,,
166,xe,False,False,è»Š,vehicle; car,155,,
167,lá»…,False,False,ç¦®,"holiday; festival; ã€manners, courtesy, etiquetteã€‘",156,ç¤¼,
168,Ä‘Æ°a,False,False,è¿»,to give,157,,
169,nhÃ¬n,False,False,ğ¥†¾,to look,158,,
170,quá»‘c,False,False,åœ‹," ã€country, nationã€‘",159,,å›½
171,thÃªm|thiÃªm,False,False,æ·»,"to add, to increase; additional",160,,
172,cao,False,False,é«˜,high; tall,162,,
173,bá»™,False,False,æ­¥,"ã€to step, to walkã€‘",163,,
174,bá»™,False,False,éƒ¨,"set; part, section, division",163,,
175,chiáº¿c,False,False,éš»,"unit, entity, object; (classifier for vehicles or certain objects)",164,,
176,má»i,False,False,ğ¤¦,"each, every",165,,
177,tranh,False,False,çˆ­,"to compete, to fight",167,,
178,tranh,False,False,å¹€,"picture, painting, scroll",167,,
179,tay,False,False,ğ¢¬£,arm; hand; side,168,,æ‹ª
180,vui,False,False,ğ¢™,"amusing, funny, merry, joyful, gay",170,,
181,tin|tÃ­n,False,False,ä¿¡,"to believe; news, information",171,,ğ ’·
182,xin,False,True,å€,to beg; to ask for,173,,
183,dÃ¢n,False,False,æ°‘,people; citizen,174,,
184,tá»‰nh,False,False,çœ,province,175,,
185,quÃ¡,False,False,é,"very; too (much); to exceed, to pass",176,,è¿‡ğ¬¨¨
186,Äƒn,False,True,å’¹,to eat,177,,ğ«—’
187,yÃªu,False,False,ğ¢…,to love,178,,è…°å¤­
188,giá»¯a,False,False,ğ¡¨Œ,"between, in the middle of, amid",179,,ğ¡§²
189,vá»£,False,False,ğ¡•,wife,180,,
190,Ä‘á»c|Ä‘á»™c,False,False,è®€,to read,181,,
191,cháº¿t,False,False,ğ£©‚,death; to die,183,,
192,trÆ°á»ng,False,False,å ´,school; field; ground,184,,
193,hÃ ng|hÃ£ng|hÃ nh|háº¡nh,False,False,è¡Œ,"line, row; rank, order; goods, wares, merchandise",185,,
194,hÃ ng,False,False,èˆª,ã€sail; navigateã€‘,185,,
195,láº¥y,False,False,ğ¥™©,to take,186,,
196,nghe,False,False,ğ¦–‘,to hear,187,,
197,Ä‘áº¹p,False,False,ğ¢¢²,beautyful,189,,
198,tá»±|tá»«,False,False,è‡ª,self,190,,
199,tá»±|chá»¯,False,False,å­—,character; letter; word,190,,
200,giÃºp,False,False,ğ ¢,"to help, to assist",191,,
201,nhá»,False,False,ğ¡®ˆ,small,192,,
202,thÆ°|thÆ¡,False,False,æ›¸,letter; ã€bookã€‘,193,,
203,ná»¯a,False,False,ğ ¯†,"more, further",196,,
204,thÆ°á»ng,False,False,å¸¸,"frequent; common, normal, usual",197,,
205,há»c,False,False,å­¸,"to learn, to study",199,å­¦,æ–ˆ
206,Ä‘Ã´ng,False,False,æ±,east; eastern,200,,
207,máº¥t,False,False,ğ …,"to lose; lost; to die, to vanish",201,,
208,xuá»‘ng,False,False,ğ¨‘œ,to descend; to go down,202,,
209,Ä‘áº¥t,False,True,å¦,earth; soil; land; ground,203,,ğ¡™
210,bÃ¡n,False,False,ğ§¸,to sell,204,,
211,bÃ¡n,False,False,åŠ,"ã€half, semi-ã€‘",204,,
212,tÃ­nh,False,False,ä½µ,to calculate; to plan,205,,
213,Ä‘á»‘i|Ä‘á»—i,False,False,å°,"facing, opposing",206,å¯¾,å¯¹
214,loáº¡i,False,False,é¡,"class, group, kind, category",207,,
215,hoáº·c,False,False,æˆ–,or; either,208,,
216,máº·t,False,False,ğ©ˆ˜,face,209,,ğ«–€
217,xem,False,False,ä€¡,"to see, to observe",210,,
218,tÃ¬nh,False,False,æƒ…,"feeling, emotion",211,,
219,ngoÃ i|ngoáº¡i,False,False,å¤–,out; outside; external,212,,
220,bÃªn,False,False,è¾¹,side; edge,213,,é‚Š
221,sao,False,False,ğ£‹€,star,214,,ğ¬–
222,sao,True,False,ç‰¢,how,214,,åµğ«³µ
223,vÃ¹ng,False,False,ğ¤€˜,"region, area",215,,
224,váº­y,True,False,ä¸•,so; thus,216,,
225,trang,False,False,å¦,"ã€to dress up, to make upã€‘",217,,
226,trang|trÆ°Æ¡ng,False,False,å¼µ,"(surname); ã€to open up, to spread, to extendã€‘",217,,
227,lá»i,False,False,ğ ³’,word,218,,
228,háº¿t,False,False,æ­‡,to be over; to end; to expire; to be used up,219,,ğ£Š
229,tráº§n,False,False,é™³,(surname Tran),221,,
230,máº¥y|vá»›i,False,False,ğ ‡,"(quite) a few, some; how many",222,,
231,nháº­n,False,False,èª,"to agree, to accept; to recognize",223,,
232,Ä‘Ã¢u,True,False,å…œ,where; somewhere,224,,
233,thanh,False,False,æ¸…,"pure, clear, clean",225,,
234,thanh,False,False,è²,"sound, voice, noise",225,,
235,thanh,False,False,é’,"juvenile; ã€green, blueã€‘",225,,
236,cá»•,False,False,å¤,"old, ancient, antique",226,,
237,bá»Ÿi,False,False,ğ¤³„,because,227,,ç½·ğ¤³¸ğª½
238,lÃ²ng,False,False,ğ¢š¸,"soul, mind, heart; feeling",228,,
239,bá»©c,False,False,å¹…,"painting, photograph, piece",229,,
240,triá»‡u,False,False,å…†,million,230,,
241,ngay,False,False,ğ£¦,"straight, direct",231,,
242,gáº§n,False,False,ğ§µ†,"near; nearly, almost",232,,
243,mua,False,False,ğ§·¸,to buy,233,,
244,dÃ¹ng|dá»¥ng,False,False,ç”¨,"to use, to employ",234,,
245,chá»“ng,False,False,ğ«¯³,husband,235,,
246,pháº§n|phÃ¢n,False,False,åˆ†,"part, portion, piece (of a whole)",236,,
247,ná»¯|ná»­a|ná»¯a,False,False,å¥³,"ã€female, womanã€‘",238,,
248,trá»Ÿ,False,False,ğ§¿¨,"to turn, to change",239,,
249,khoáº£ng,False,False,æ› ,"about, circa; space, distance, interval; period (time)",240,,
250,ká»ƒ,False,False,ğ ¸¥,"to tell; in relation to, with respect to",241,è¨ˆ,
251,quan,False,False,è§€, ã€to seeã€‘,242,,
252,quan,False,False,é—œ,"ã€frontier, barrier, gateã€‘",242,é–¢,
253,vÃ´,False,False,ç„¡,"ã€non-, negativeã€‘",243,,
254,viÃªn,False,False,å“¡,member; employee; personnel,244,,
255,há»“,False,False,æ¹–,lake,245,,
256,há»“,False,False,ç³Š,glue; to glue,245,,
257,cá»©|cá»›,True,False,æ‹ ,"to continue, to keep on; ã€ground, baseã€‘",246,,æ“š
258,lÃ ng|lang,True,False,å»Š,village,247,,
259,xuÃ¢n,False,False,æ˜¥,spring (season),248,,
260,nghÄ©,False,False,ğ¢£‚,to think,249,ğ¢ª€,
261,bÃ¡o,False,False,å ±,"to report, to tell; newspaper",251,,
262,báº£n,False,False,æœ¬,"ã€root, origin, source; basisã€‘",252,,
263,báº£n,False,False,ç‰ˆ,"copy, edition; printing blocks",252,,
264,thÃ­ch,False,False,é©,to like,253,,
265,thÃ­ch,False,False,é‡‹,ã€to explainã€‘,253,,
266,thÆ°Æ¡ng,False,False,å‚·,"to be fond of, to love",254,,
267,tá»•ng,False,False,ç¸½,ã€altogetherã€‘,255,,ç¸‚
268,cÃ¢y,False,False,ğ£˜ƒ,"tree, plant",256,,
269,truyá»‡n|truyá»n,False,False,å‚³,story,258,,
270,Ä‘á»i,False,False,ğ €,existence; world; generation; era,259,,
271,dÆ°á»›i,False,False,ğ¤²‚,below; at the bottom,260,,ğ ‘
272,phÃ¡p,False,False,æ³•,law; France; french,261,,
273,tÃ¢m,False,False,å¿ƒ,ã€heart; mindã€‘,262,,
274,xa,False,True,è³–,"far, distant",264,,
275,gáº·p,False,False,ï¨¤,"to meet, to encounter",265,,
276,máº¯t,False,True,çœœ,eye; expensive,266,,
277,báº¯c,False,False,åŒ—,north; northern,267,,
278,minh,False,False,æ˜,ã€bright; clearã€‘,268,,
279,nguyÃªn,False,False,åŸ,"ã€source, origin, rootã€‘",269,,
280,nguyÃªn,False,False,å…ƒ,"whole, entire; ã€original, initial, source, rootã€‘",269,,
281,tÆ°,False,False,å››,ã€fourã€‘,270,,
282,dÃ¹|dáº§u,False,False,ğ ¶¢,"however, though",273,,
283,giÃ¡,False,False,åƒ¹,"price, value",274,ä»·,
284,ngá»“i,False,False,ğ¡¥,to sit,276,,
285,Ä‘áº¡i,False,False,ä»£,"ã€era, generationã€‘",277,,
286,Ä‘áº¡i,False,False,å¤§,"ã€big; great; very, muchã€‘",277,,
287,giá»,False,False,ğ£‡,time,278,,
288,thÃ¢n,False,False,èº«,"body; trunk; intimate, close",281,,
289,váº½,False,False,ğ¦˜§,"to draw, to paint",283,,æ¤ğ¡³’
290,luÃ´n|luÃ¢n,False,True,è¼ª,"directly, right away; also, too; often; ã€wheel, disk; revolve, recurã€‘",284,,
291,ty,False,False,å¸,"service, administration; ã€to manage, to govern, to regulateã€‘",285,,
292,gÃ¡i,False,False,ğ¡›”,female; girl,286,,
293,táº¡o,False,False,é€ ,to create; to make; to form,288,,
294,cá»™ng|cÃ¹ng,False,False,å…±,to add (up); addition,289,,
295,hÃ´m,False,False,ğ£‹š,day,290,æ­†,
296,mÃ¹a,False,True,åŠ¡,season; time; tide,291,,
297,cháº³ng|chÄƒng,False,False,åº„,not at all,292,,åº’
298,thÃ´i,False,False,æ¨,"to stop, no more; only, just; enough!",295,,
299,mÃ u,False,True,ç‰Ÿ,color,296,,
300,gÃ¢y,False,False,ğ¢²§,"to quarrel; to cause, to excite, to initiate",297,,
301,giáº£i,False,False,è§£,"to solve, to answer, to explain",298,,
302,cÃ¢u,False,False,å¥,sentence,299,,
303,Ä‘á»©c,False,False,å¾·,"virtue, ethics, morality; Germany, german",301,,
304,Ä‘iá»ƒm,False,False,é»,"point, mark, score",302,,
305,giá»¯,False,False,ğ¡¨¹,to keep; to retain; to hold; to maintain,304,,ğª§š
306,tá»‘t,False,True,å’,"good, well, fine; ã€finally, at lastã€‘",305,,
307,vá»¥,False,False,å‹™,"ã€affairs; duty, obligation, mustã€‘",306,,
308,trá»i,False,False,ğ¡—¶,sky; heaven; weather,309,,
309,nhá»›,False,False,ğ¢–µ,to remember; to recall; to call in mind,310,,
310,há»i,False,False,ğ ³¨,"to ask; to question, to inquire",311,,å“™
311,náº±m,False,False,ğ¦£°,to lie down,313,,
312,tÆ°á»Ÿng,False,False,æƒ³,to think,314,,
313,miá»n,False,True,æ²”,region; district,316,,
314,thuá»™c,False,False,å±¬,"to belong to, subordinate of; to know by heart; to tan",317,,
315,chÃº,False,False,æ³¨,"uncle; ã€to focus, to concentrateã€‘",318,,
316,bÃ i,False,False,æ’,lecture,319,,
317,sang,False,False,ğ¨–…,"to cross; to transfer; across, over",320,,ğ¢²²
318,vÃ ng,False,True,é„,gold; yellow,321,,
319,tuáº§n,False,False,æ—¬,week; ten-day period,322,,
320,chÃºng,False,False,çœ¾,masses; multitude,323,,ä¼—è¡†
321,mÃ¡y,False,False,ğ£› ,machine; engine,324,,ğ¢µ¯
322,kim,False,False,é‡‘,"ã€gold, metalã€‘",325,,
323,kim,False,False,ä»Š,ã€todayã€‘,325,,
324,chÃ¢u,False,False,ç ,"ã€gem, pearl, precious stoneã€‘",326,,
325,chÃ¢u,False,False,æ´²,continent,326,,
326,sÆ¡n,False,False,å±±,ã€mountain; mountainsã€‘,328,,
327,chÃ¡u,False,False,ğ¡¥™,"grandchild, grandchildren, grandson, granddaughter",329,,
328,Ä‘áº§y,False,True,è­,"full, completely filled",330,,ğ§€Ÿ
329,nháº­t,False,False,æ—¥,sun; Japan; japanese,331,,
330,Ä‘á»©a,False,False,ğ ‚,"(person of low rank), bloke, lad, guy",332,,ä¾ˆ
331,dÃ i,False,False,ğ¨±½,long,333,,ğ¨±¾
332,nháº¡c,False,False,æ¨‚,music,334,,
333,ban,False,True,ç­,"time, shift",336,,
334,Ä‘á»§|Ä‘Ã´,False,False,éƒ½,"ã€capital city, metropolisã€‘",337,,
335,Ä‘Ãªm,False,False,ğ£€,night,338,,
336,nÃ ng|nÆ°Æ¡ng,False,False,å¨˜,she; her,340,,
337,thi,False,False,è©©,poetry,341,,
338,hiá»ƒu,False,False,æ›‰,to understand,343,,
339,tÃ¢y,False,False,è¥¿,west; western,346,,
340,Ä‘áº·t,False,False,å™ ,"to order, to command; to invent",349,,
341,bÃ¬nh,False,False,è©•,ã€to criticizeã€‘,351,,
342,bÃ¬nh|báº±ng,False,False,å¹³,"equal, ã€flat, even, level; peacefulã€‘",351,,
343,bÃ¬nh,False,False,ç“¶,"vase, vessel, jar",351,,
344,cá»­a,False,False,ğ¨·¶,"door, gate, entrance",352,ğ¨´¦,ğ¨·¯ğ¨µ£ğ«”³
345,nghÄ©a,False,False,ç¾©,meaning,353,,
346,bá»,False,False,ğ ¬ƒ,"to leave, to abandon, to neglect; to let, to put",354,,
347,lÃ¢u,False,False,ğ¥¹°,"long, long time, long while",355,,
348,phÃ²ng,False,False,æˆ¿,"room, chamber",357,,
349,phÃ²ng,False,False,é˜²,ã€to preventã€‘,357,,
350,vá»‹,False,False,ä½,"ã€measure word for persons; throne; seat; rank, statusã€‘",358,,
351,chá»©,False,False,ğ ¹²,"certainly, of course",359,,
352,láº¯m,False,False,ğ¡—‹,very,360,,
353,chá»¯,False,False,ğ¡¦‚,"letter (of a script or alphabet); writing system, script; word",361,,ğ¡¨¸
354,khá»i,True,False,å¡Š,"to escape, to prevent",363,,
355,biá»ƒn,False,False,ğ£··,ocean,364,,ã´œ
356,thu,False,False,ç§‹,"autumn, fall",365,,
357,cáº§u,False,False,æ±‚,"ã€to seek, to demandã€‘",367,,
358,sÃ¡ng|ráº­ng,False,False,ğ¤œ,"bright, light, clear; morning",369,,å‰µç²ğ “‡ğ£‹ƒ
359,cháº¡y,False,False,ğ§¼‹,to run,370,,ğ§¼Œ
360,chÃ¢n,False,True,è¹,"foot, leg",371,,
361,trÃ¬nh,False,False,å‘ˆ,"to submit, to show, to present",372,,
362,trÃ¬nh,False,False,ç¨‹,"schedule, agenda",372,,
363,phÃ­a,False,False,ğª°‚,"direction, way",374,,
364,vua,False,False,ğ¤¤°,king,376,,
365,nhÃ¢n,False,False,ä»,"kernel, filling; ã€humaneã€‘",378,,
366,nhÃ¢n,False,False,äºº,"ã€person, people; man, mankindã€‘",378,,
367,báº£o|báº£u,False,False,ğ ¸’,to say,379,,
368,báº£o,True,False,ä¿,"ã€to protect, to safeguardã€‘",379,,
369,danh,False,False,å,name,380,,
370,khu,False,False,å€,"area, district, zone",381,,
371,láº­p,False,False,ç«‹,"to form, to establish, to set up",385,,
372,thuáº­t,False,False,è¡“,"art, technique",386,æœ®,
373,trÃ¡i,True,False,è³´,left; to the left,387,,ğ£¡š
374,trÃ¡i,False,False,ğ£›¤,fruit,387,,
375,cÃ ng,False,True,å¼·,the ... the; all the more,389,,
376,ngá»c,False,False,ç‰,"gemstone, gem, jewel",390,,
377,khÃ¡ch,False,False,å®¢,"guest, visitor",391,,
378,gá»i,True,False,å™²,to call,392,,
379,long|rá»“ng,False,False,é¾,dragon,393,,é¾™ç«œ
380,hÃ¡t,False,False,æ¬±,to sing,395,,
381,vÃ i,False,False,ğ „§,"some, several, quite a few",396,,
382,thá»‘ng,False,False,çµ±,ã€to unite; to controlã€‘,397,,
383,má»Ÿ,False,False,ğ¨·‘,to open,398,,
384,chiá»u|triá»u,False,False,æœ,"direction; dimension, side",401,,
385,cÃ´ng,False,False,å…¬,public; common,402,,
386,bÆ°á»›c,False,False,ğ¨€ˆ,"step, pace; to step, to pace",403,,
387,chung,False,False,çµ‚,"common, general, public, shared",404,,
388,chá»n,False,False,ğ¢®ª,"to select, to choose",405,,
389,thiáº¿u|thiá»ƒu,False,False,å°‘,to lack,406,,
390,hiá»‡n,False,False,ç¾,to appear,407,,
391,Ä‘á»©ng,False,False,ğ¨…¸,to stand,408,,
392,báº¯t,False,False,æ‰’,to catch,409,,
393,máº¡nh,False,True,å­Ÿ,"strong, powerful",410,,
394,bÃ©,False,False,ğ¡®£,"small, little, tiny",411,,ğ¡®¤
395,thá»‹,False,False,ç¤º,"ã€to show, to demonstrateã€‘",413,,
396,thá»‹,False,False,å¸‚,ã€city; market; town; tradeã€‘,413,,
397,thá»‹,False,False,è¦–,"ã€to look, to seeã€‘",413,,
398,cáº¥p,False,False,ç´š,"rank, level, class; (school) grade",414,,
399,hoÃ ,False,False,å’Œ,"ã€harmony, peaceã€‘",415,,
400,buá»•i,False,False,ğ£‡œ,"time of day; time, period, duration; working shift",416,,
401,buá»“n,False,False,ğ¢‚,"sad, melancholic",419,,
402,lan,False,False,è˜­,orchid,420,,
403,Ä‘Ã¡,False,True,è·¢,to kick,421,,
404,Ä‘Ã¡,False,False,ğ¥’¥,stone; rock,421,,
405,cáº­u,False,False,èˆ…,uncle (mother's brother); young man,425,,
406,chÆ¡i,False,False,ğ¨”ˆ,to play,427,,
407,váº­t,False,False,ç‰©,"thing, object",430,,
408,cÅ©,False,False,ğ«‡°,old; ancient; second-hand,431,,
409,liÃªn,False,False,é€£,ã€to connectã€‘,432,,
410,liÃªn,False,False,è¯,"ã€to join, to associateã€‘",432,,è”
411,nhá»,False,False,ğ¢˜¾,"to commission, to resort to; thanks to, owing to",433,,
412,cha,False,True,å’,father,434,,
413,chÃ¹a,True,False,å»š,buddhist temple,435,,å¨
414,gia,False,False,åŠ ,"to increase, to add",436,,
415,gia,False,False,å®¶,"ã€house, home; familyã€‘",436,,
416,Ä‘iá»‡n,False,False,é›»,electricity,437,,
417,hÆ°Æ¡ng,False,False,é¦™,perfume; fragrancy,440,,
418,hÆ°Æ¡ng,False,False,é„‰,"ã€rural, villageã€‘",440,,é„•
419,bay,False,False,ğ –¤,to fly,442,,
420,lo,False,False,ğ¢—¼,"to worry, to take care of",443,,ğ¢¥ˆ
421,Ä‘á»™i,True,False,éšŠ,to wear (on the head); team,446,,
422,chá»—,False,False,ğ¡Š²,"place, space, room, spot",448,,
423,váº»,False,False,ğ¨¤”,"look, appearance",449,,
424,Ä‘á»‹nh,False,False,å®š,"to intend to, to decide",450,,
425,cÆ°á»i,False,True,å”­,to laugh; to smile,451,,
426,tÄƒng,False,False,å¢,"to increase, to augment",452,,
427,sinh,False,False,ç”Ÿ,life; birth,453,,
428,thÃ¡i,False,False,å¤ª,"ã€very, much; big; extremeã€‘",455,,
429,Ä‘á»™,False,False,åº¦,"degree, measure",456,,
430,nhÃ³m,False,False,ğ¡–¡,"to group, to aggregate, to concentrate",459,,å‘«
431,coi,False,False,ğ«€…,to look; to watch,462,,ğ¥‹³ä›
432,quÃ¢n,False,False,è»,"army, military",464,,
433,lá»›p,False,False,ğ¤–¹,"class; layer, coat",467,,
434,an,False,False,å®‰,safe; secure; peaceful,469,,
435,káº»,False,True,ä»‰,"man, person, he",471,,
436,bá»‡nh,False,False,ç—…,"ill, sick; disease",472,,
437,dÆ°Æ¡ng,False,False,æ´‹,"ocean, sea",473,,
438,há»“i,False,False,å›,to return,474,,
439,há»“i,False,False,å¾Š,"time, period; when, at (some time)",474,,
440,nghá»|nghá»‡,False,False,è—,"work, craft; occupation, profession",475,èŠ¸,
441,tháº±ng,False,False,ğ ŠŸ,"guy, boy, man; (form of address for male third-person, singular)",480,,
442,Ä‘Ã´i,True,False,å †,"pair, couple; double",481,,
443,tráº£,False,False,ğ ­¤,"to return, to pay back",483,å‘‚,
444,toÃ n,False,False,å…¨,"all, whole, entire",484,,
445,sÃ i|tháº§y,False,False,æŸ´,,485,,
446,tá»‘i,True,False,æœ€,"night; dark; obscure; ã€extremely, exceedinglyã€‘",486,,ğ£‹
447,sÃ´ng,False,True,æ»,river,488,,
448,há»“ng,False,False,ç´…,"rose, pink; rosy",489,,
449,in|áº¥n,False,False,å°,to print,491,,
450,Ä‘Ã¡nh|Ä‘áº£,False,False,æ‰“,"to beat, to hit; to fight, to combat, to play",492,,
451,Ã­t,False,False,ğ ƒ£,less; little; few,493,,
452,phi,False,False,é£›,ã€to flyã€‘,494,,é£
453,kia,True,False,ç®•,"that, the other",495,,
454,bÃ¡c|bÃ¡,False,False,ä¼¯,uncle; aunt,496,,
455,bÃ¡c,True,False,åš,"ã€extensive, comprehensive, wide, broad, rich; to gambleã€‘",496,,
456,tÃ u,False,False,è‰š,"ship, boat",497,,
457,bang,True,False,é‚¦,"nation, country, state",500,,
458,sÄ©,False,False,å£«,scholar; feudal intellectual,504,,
459,cáº£nh,False,False,æ™¯,"scene, scenery; landscape",507,,
460,cáº£nh,False,False,è­¦,ã€guardã€‘,507,,
461,dá»±,False,False,é ,"ã€before, in advanceã€‘",511,,
462,hoÃ¡,False,False,åŒ–,"to become, to change, to transform",512,,
463,tráº¯ng,False,False,ğ¤½¸,"white, clear, bare, blank",513,,
464,Ä‘áº£ng,False,False,é»¨,"party; gang, band",515,å…š,
465,khÃ³,False,False,ğ§·,difficult,516,,
466,máº¡ng|má»‡nh,False,False,å‘½,fate; destiny,517,,
467,giá»›i,False,False,ç•Œ,limit; world; society,518,,
468,a|Ã ,False,False,é˜¿,ã€prefix in people's nameã€‘,519,,
469,tháº§y,False,True,å¨,"teacher, master; father, dad",520,,
470,táº¥m,False,False,ç³,broken rice,526,,
471,táº¥m,False,False,ğ¤—²,"board, tile, sheet; mat, blanket, cover",526,,
472,bÃ³ng,False,False,ğ©ƒ³,shadow; reflection (of an image),528,,
473,bÃ³ng,False,False,ğ£ˆ–,"ball, bulb",528,,
474,bÃ³ng,False,False,ğ¤Š¡,"lustrous, glossy, glittering, sparkling, radiant",528,,
475,chÃ ng,False,False,æ‰•,young gentleman; large bladed chisel,530,,
476,thuá»‘c,False,False,ğ§†„,"medicine, remedy, medicament; drug",531,,
477,Ã¡o,False,False,è¥–,"blouse, shirt, jacket",532,,
478,Ã¡o,False,False,å¥¥,Austria; austrian,532,,
479,niÃªn|nÃªn,False,False,å¹´,ã€yearã€‘,533,,
480,xÆ°a,False,False,ğ ¸—,"ancient, old",535,,
481,nguá»“n|nguyÃªn,False,False,æº,"source, origin; spring",540,,
482,kiáº¿m,False,False,åŠ,sword,542,,
483,Ä‘Ã¬nh,False,False,åº­,communal house in the village,544,,
484,quang,False,False,å…‰,clear; brilliant,545,,
485,Ä‘á»«ng|Ä‘Ã¬nh,False,True,åœ,"don't, do not",546,,
486,lÃ¡,False,True,è˜¿,leaf,547,ğ¦²¿,
487,chá»‹u,False,False,ğ ¹¾,"to sustain, to accept, to bear, to stand",548,,
488,thÃ´ng,False,False,è°,ã€intelligent; brightã€‘,549,èª,
489,thÃ´ng,False,False,é€š,"ã€clear, open; common; to communicateã€‘",549,,
490,tÃ i,False,False,è²¡,"ã€wealth, richnessã€‘",550,,
491,tÃ i,False,False,æ,"ã€material, stuffã€‘",550,,
492,tÃ i,False,False,æ‰,"talent, gift",550,,
493,tá»­,False,False,å­,ã€childã€‘,551,,
494,trÆ°á»Ÿng|trÆ°á»ng,False,False,é•·,leader,555,,
495,da,False,True,ä§,skin; leather; pelt,557,,
496,hÃ ,False,False,æ²³,river,560,,
497,quyá»n,False,False,æ¬Š,"right, power; authority",563,æƒ,
498,trÄƒm,False,False,ğ¤¾“,hundred,567,,
499,giÃ ,False,False,ğ¦“…,"old, aged",568,,ğ«…·
500,pháº¡m,False,False,çŠ¯,"to violate, to offend, to commit (a crime)",570,,
501,háº¯n,False,False,ğª³,he; him (derogatory),572,,
502,tiáº¿p,False,False,æ¥,"to continue, to proceed; to connect",574,,
503,tráº­n,False,False,é™£,"battle, fight",578,,
504,xong|xung,True,False,è¡,"ready, finished, complete",591,,
505,dá»‹ch,False,False,è­¯,"to translate, to decode",592,,
506,viá»‡n,False,False,é™¢,institute; court,596,,
507,xanh,False,False,æ’‘,green; blue,604,,ğ©‡¢
508,ngáº¯n,False,False,ğ¥‰,short; abbreviate,605,,
509,bá»‘n,False,False,ğ¦Šš,four,607,,
510,tham,False,False,è²ª,"to be greedy, to crave something",608,,
511,tham,False,False,åƒ,"ã€to take part, to attendã€‘",608,å‚,
512,vÆ°Æ¡ng,False,False,ç‹,"ã€king, ruler; royalã€‘",611,,
513,tháº§n,False,False,ç¥,"ã€spirit, supernatural beingã€‘",612,,
514,dá»…,False,False,æ˜“,easy,613,,
515,la,False,True,å›‰,"to shout, to cry",614,,
516,thÄƒm|thÃ¡m,False,False,æ¢,to visit,615,,
517,phá»‘,False,False,åº¯,"street that is built-up on both sides; avenue, boulevard",617,,é‹ªèˆ–
518,Ä‘en,False,False,é»°,black,621,,
519,thá»©c,True,False,å¼,"ã€type, style; system, formulaã€‘",623,,
520,Ä‘áº¡o,False,False,é“,"method, way; road, street",625,,
521,Ä‘á»“,True,False,åœ–,"thing, object; ã€chart, mapã€‘",629,,
522,Ä‘á»“,False,False,é€”,"ã€way, road, pathã€‘",629,,
523,cÆ¡,False,False,æ©Ÿ,"opportunity; ã€machine, engineã€‘",632,æœº,
524,cÆ¡,False,False,åŸº,"ã€foundation, baseã€‘",632,,
525,háº£i,False,False,æµ·,"ã€sea, oceanã€‘",633,,
526,bá»‘,False,False,å¸ƒ,"linen, canvas, heavy duty fabric",636,,
527,bá»‘,False,False,ä½ˆ,"ã€publicize, announceã€‘",636,,
528,bá»‘,False,False,ğ¢‚,"father, dad",636,,
529,sá»£,False,False,ğ¢œ,"to fear, to be afraid",637,,
530,thiÃªn,False,False,å¤©,"ã€sky, heavenã€‘",638,,
531,chá»§|chÃºa,False,False,ä¸»,owner; chief; lord,641,,
532,Ä‘em,False,False,ğ¨‘»,to bring; to carry,642,,æŠŒ
533,mai,False,False,åŸ‹,ã€to buryã€‘,643,,
534,cháº¯c,False,False,ğ¢Ÿ˜,"sure; solid, firm, steady",647,,
535,chÃ­,False,False,å¿—,"will, ambition",649,,
536,uá»‘ng,False,True,ã•µ,to drink,651,,
537,chá»‰,False,False,æŒ‡,"to show, to indicate, to instruct",652,,
538,tuy,False,False,é›–,though,653,,
539,thá»§,False,False,é¦–,ã€headã€‘,656,,
540,thá»§,False,False,æ‰‹,ã€handã€‘,656,,
541,máº·c,True,False,é»˜,"ã€silent, quiet; darkã€‘",657,,
542,Ä‘á»,False,False,ğ§¹¼,red,659,,ğ§ºƒğ£ ¶ğ§¹¦ğªœ•èµ­
543,kháº¯p,False,False,æ³£,"all, all of",660,,
544,hÆ¡i,False,False,å”,"steam, air, gas; a little bit, slightly",661,,
545,Ä‘áº¥y|Ä‘áº¿,True,False,å¸,there,662,,
546,xÃ£,False,False,ç¤¾,"ã€society, companyã€‘",670,,
547,chi,False,False,æ”¯,"to spend money, to pay",671,,
548,nÃºi,False,False,ğ¡¶€,mountain; hill,675,,
549,sÃ¡u,False,False,ğ¦’¹,six,678,,
550,phÆ°Æ¡ng,False,False,æ–¹,direction,680,,
551,giáº¥y,False,False,ç´™,paper,681,,
552,báº£y,False,False,ğ¬™,seven,689,,ğ¦‰±
553,cÃ¡,False,False,ğ©µœ,fish,690,,
554,Ã¡,False,False,äº,Asia (continent),691,äºœ,
555,thay,True,False,å°,"to change, to replace",699,,
556,rÆ°á»£u,False,False,ğ¨¢‡,liquor,700,,
557,tá»©c,False,False,æ¯,"angry, upset; ã€to rest, to end, to ceaseã€‘",705,,
558,to,False,False,ğ¡š¢,"big, large, wide",706,,
559,quÃªn,False,False,ğ …³,to forget,708,,
560,dáº«n,False,False,å¼•,"to conduct, to guide, to escort",713,,
561,luáº­t,False,False,å¾‹,"law, rule, regulation",714,,
562,thÆ°á»£ng,False,False,ä¸Š,"ã€top, above, superiorã€‘",719,,
563,giÃ³,False,False,ä¬”,wind; air,721,,ğ©™Œğ©™‹ğ«–¾ğ©™
564,chá»|tá»«,False,True,å¾,to wait,728,,
565,kiáº¿n,False,False,è¦‹,ã€to seeã€‘,732,,
566,Ä‘á»™ng,False,False,å‹•,to move,733,,
567,mÃ y,False,False,ğ ‹¥,"you, your (informal)",735,,
568,bÃ n,False,False,ç›¤,table; to discuss,736,ç›˜,
569,bÃ n,False,False,æ¬,"ã€to transfer, to moveã€‘",736,,
570,Ä‘áº£o,False,False,å³¶,island,743,,
571,mÆ°a,False,False,ğ©…¹,rain,746,,
572,nghiá»‡p,False,False,æ¥­,profession; trade,750,,
573,tao,False,False,ğ ‹º,"I, me, my (colloquial)",751,,
574,ná»­a|ná»¯a,False,False,å§…,half,755,,ğ¡›¤
575,mÆ°á»i|mÆ°Æ¡i,False,False,ğ¨‘®,ten,759,,
576,dá»±ng,False,False,ğ¥©¯,"to erect, to raise, to set up, to put up",762,,å­•
577,dáº¡y,False,False,ğ °º,"to teach, to educate, to train",767,,
578,kinh,False,False,ç¶“,"classic works, prayer book",768,çµŒ,
579,tÆ°á»›ng,False,False,å°‡,"officer, general; minister",771,,
580,lá»¥c,False,False,ç¶ ,green,774,,
581,ngá»§,False,False,ğ¥„¬,"to sleep, asleep",775,,
582,táº¿,False,False,æ¿Ÿ,to run,776,æµ,
583,táº¿,False,False,éš›," ã€border, boundaryã€‘",776,é™…,
584,chiáº¿n,False,False,æˆ°,war,777,,
585,lá»­a,False,False,ç„’,fire,779,,
586,trai,False,False,ğ¤³‡,"male; boy, young man",784,,ğ¤³†
587,cáº£m|cÃ¡m,False,False,æ„Ÿ,ã€to feelã€‘,789,,
588,pháº­t,False,False,ä½›,Buddha,792,,
589,khÃ³c,False,False,å“­,"to cry, to weep, to shed tears",793,,
590,phá»§,False,False,åºœ,government; prefecture; prefect,794,,
591,báº¥t,False,False,ä¸,"ã€non-, un-, notã€‘",795,,
592,pháº©m,False,False,å“,"ã€product, articleã€‘",798,,
593,cá»©u,False,False,ç©¶,"ã€to examine, to investigateã€‘",799,,
594,lÃ¢m,False,False,æ—,"ã€forest, woodsã€‘",802,,
595,cÃ´ng,False,False,åŠŸ,ã€achievementã€‘,804,,
596,trá»ng|chá»“ng,False,False,é‡,"to value, to respect; ã€weight, heavyã€‘",806,,
597,xÃ¢y,False,False,ğ¡¦,to build,810,,
598,Ä‘á»¡,True,False,æ‹–,"to support, to relieve; to hold up",812,,
599,bao,False,False,åŒ…,"bag; to wrap, to bundle",819,,
600,thá»ƒ,False,False,é«”,ã€bodyã€‘,821,ä½“,
601,trá»‹,False,False,æ²»,"to cure, to treat; ã€to regulate, to administerã€‘",837,,
602,trá»‹,False,False,å€¤,"ã€value, worthã€‘",837,,
603,káº¿t,False,False,çµ,"to tie, to knot",838,,
604,mÃ¡u,False,False,ğ§–±,blood,843,,
605,tháº­p,False,False,å,ã€tenã€‘,854,,
606,Ã¢u,False,False,æ­,"just, perhaps; ã€europeanã€‘",858,,
607,tiÃªn,False,False,ä»™,"fairy, immortal",860,,
608,tiÃªn,False,False,å…ˆ,"first, firstly",860,,
609,háº¡,False,False,ä¸‹,"to lower, to set down, to take down",863,,
610,chÃ³,False,False,ã¹¥,dog,866,,
611,dáº§u|dÃ¹,True,False,æ²¹,"oil, fat, grease",873,,
612,sa,False,False,æ²™,ã€sand; granulatedã€‘,878,,
613,tiá»‡m,False,False,åº—,shop,884,,
614,má»«ng,False,False,ğ¢œ ,"happy, glad",888,,ğ¢œ
615,phÃ¡t,False,False,ç™¼,"to deliver, to distribute, to issue",889,,
616,áº¥m,False,True,è»,warm,892,,
617,thá»­|thi,False,False,è©¦,"to compete, to race, to take an examination",896,,
618,thá»­,False,False,æ­¤,ã€this; thenã€‘,896,,
619,chim,False,False,ğª€„,bird,899,,
620,Ä‘Ã n|Ä‘áº¡n,False,False,å½ˆ,"group of beings of the same kind, drove, flock, herd; to play on stringed instruments, stringed music instrument",905,,
621,lÃ£o,False,False,è€,"old, aged",907,,
622,cáº¯t,False,False,å‰²,to cut; to cut off,916,,
623,thuyá»n,False,False,èˆ¹,"ship, boat, vessel",917,,
624,mÃ¹i|vá»‹,False,False,å‘³,"ã€flavor, tasteã€‘",920,,
625,chia,False,False,ğ¢ºº,"to share; to divide, to split",924,,ğ¢º¹
626,tá»•,False,False,çµ„,"group, team; to form, to organize",931,,
627,tá»•,False,False,ç¥–,"ã€ancestor, forefather; grandfatherã€‘",931,,
628,cÆ¡m,False,True,ç²“,(cooked) rice,937,,
629,vá»±c,False,False,åŸŸ,"ã€area, region, domain, fieldã€‘",940,,
630,liá»‡u,False,False,æ–™,"ã€materials, ingredientsã€‘",947,,
631,há»£p,False,False,åˆ,to fit; to join,963,,
632,chá»©c,False,False,ç¹”,office; ã€to organizeã€‘,967,,
633,báº¡c,False,True,é‰‘,silver,972,,
634,giáº£,False,False,è€…,"ã€the one who, that personã€‘",974,,
635,thuá»·,False,False,æ°´,"ã€water, liquidã€‘",977,,
636,tá»¥c,False,False,ä¿—,"vulgar, crude; ã€social customsã€‘",981,,
637,mÃ¡,False,False,åª½,mother,982,,
638,gá»—,False,False,æ¥›,"wood, timber",986,,
639,giao,False,False,äº¤,"to deliver, to hand over, to exchange; ã€to communicateã€‘",989,,
640,Ä‘Ã¨n,False,True,ç•‘,"lamp, light",993,,
641,Ä‘á»•i,False,False,ğ¢·®,"to change, to exchange, to switch, to convert",996,ğ¢¬­,
642,cá»­,False,False,èˆ‰,to raise; to elect,1005,,
643,bÃºt,False,False,ç­†,brush; pen,1006,,
644,Ã¡n,False,False,æ¡ˆ,"(legal) case, sentence; small table",1016,,
645,lÃ£nh|lÄ©nh,False,False,é ˜,to receive; ã€to leadã€‘,1018,,
646,tÃ¡c,False,False,ä½œ,"ã€to make, to work, to composeã€‘",1039,,
647,mÃ£,False,False,é¦¬,ã€horseã€‘,1045,,
648,sáº¯c,False,False,è‰²,color; beauty,1054,,
649,mÃª,False,False,è¿·,"to be fascinated; to loose consciousness, to faint",1056,,
650,khÃ­,False,False,æ°£,"ã€air, steamã€‘",1076,,
651,sÆ°,False,False,å¸«,"ã€teacher, masterã€‘",1091,,
652,miá»‡ng,False,False,ğ °˜,mouth,1094,,
653,bÃ²,False,False,ğ¤™­,"cow, ox, beef",1106,,
654,phá»¥,False,False,å©¦,"wife, woman, married woman",1108,,
655,phá»¥,False,False,è¼”,"to help, to assist, to aid",1108,,
656,táº¡m,False,False,æš«,"temporary, provisional",1110,,
657,sá»­,False,False,å²,history,1111,,
658,Ã |a|áº¡,False,False,å•Š,"oh, aha, I see",1116,,
659,Ä‘áº¥u,False,False,é¬¥,"to fight, to compete",1125,,
660,Ä‘áº¥u,False,False,æ–—,"peck, bushel",1125,,
661,khá»•|khÃ³,False,False,è‹¦,"painful, hard, bitter",1126,,
662,tiáº¿c,False,False,æƒœ,"to regret, to be sorry, to grudge",1129,,
663,pháº£n,False,False,å,"to betray, to be disloyal to",1138,,
664,quáº£,False,False,æœ,fruit; result,1163,,
665,tiÃªu,False,False,æ¤’,pepper,1172,,
666,giÃ¡o,False,False,æ•™,"to teach, to educate",1180,,
667,tinh,False,False,ç²¾,"ã€pure, clear; essence; spirit; perfectã€‘",1182,,
668,tinh,False,False,æ˜Ÿ,"ã€star, planetã€‘",1182,,
669,khoa,False,False,ç§‘,"field of study, subject of study",1187,,
670,lÆ°á»£ng,False,False,é‡,"quantity, measure",1192,,
671,trÃ ,False,False,èŒ¶,tea; tea plant,1199,,
672,duyÃªn,False,False,ç¸,"charm, grace, loveliness; ã€cause, reasonã€‘",1201,,ç·£
673,trÃ­,False,False,ç½®,"ã€to place, to set asideã€‘",1203,,
674,lá»—i,False,False,çº‡,mistake; fault; error,1206,,ğ¥“¹
675,trá»£,False,False,åŠ©,"ã€to help, to assistã€‘",1211,,
676,tÃ¡m,False,False,ğ ”­,eight,1213,,ğ«¤¯
677,tiá»ƒu,False,False,å°,"ã€small, tinyã€‘",1219,,
678,háº­u,False,False,å¾Œ,"ã€after, behindã€‘",1222,,
679,ngÃ i|ngÆ°á»i,False,False,ğ Šš,gentleman; Mr.,1238,,
680,nháº­p,False,False,å…¥,"to join, to enter; to import",1244,,
681,nÄƒng,False,False,èƒ½,"ã€ability, capability, to be able toã€‘",1248,,
682,nghÃ¬n|ngÃ n,False,False,ğ ¦³,thousand,1249,,
683,bÃ´ng,False,True,è‘»,flower,1254,,
684,má»¥c,False,False,ç›®,"section, topic; program item; ã€eyeã€‘",1255,,
685,chÃ­n,False,False,ğ ƒ©,nine,1257,,ğ¢’‚
686,ngon,False,False,ğ¤¯†,"tasty, delicious; well, easy",1261,,
687,mÃ¢y,False,False,ğ©„²,cloud,1282,,
688,kÃªu,False,False,å‘Œ,to call; to cry,1287,å«,
689,trÄƒng,False,False,ğ¦„,moon,1292,,ğ«†¢
690,chÃ o,True,False,å˜²,to greet,1311,,
691,Ä‘á»™c,False,False,ç¨,"ã€alone, singleã€‘",1319,,
692,nguy,False,False,å±,ã€dangerousã€‘,1348,,
693,chÆ°Æ¡ng,False,False,ç« ,"chapter, section",1389,,
694,gÃ£,False,True,å¦¸,"lad, bloke, underdog",1390,,
695,Ã¢m,False,False,éŸ³,sound; noise,1393,,
696,Ã¢m,False,False,é™°,ã€lunar; femaleã€‘,1393,é˜´,
697,Ä‘á»,False,False,é¡Œ,"topic, subject",1399,,
698,Ä‘á»,False,False,æ,ã€to holdã€‘,1399,,
699,háº¡t,False,False,ç±º,"grain, seed",1415,,ç´‡
700,váº¡n,False,False,è¬,ten thousand,1426,ä¸‡,
701,cháº¿,False,False,è£½,"to manufacture, to produce",1432,,
702,cháº¿|chÆ¡i,False,False,åˆ¶,to prepare (medicine); to pour (water); ã€to regulate; systemã€‘,1432,,
703,Ä‘iá»ƒn,False,False,å…¸,classic written source,1437,,
704,dÃ¢y,False,False,çµ,rope; cord; wire; string,1438,,
705,quá»³nh,False,False,ç“Š,"ã€jade; rare, precious; elegantã€‘",1447,,
706,lá»±c,False,False,åŠ›,"force, strength",1448,,
707,ná»™i,False,False,å†…,inside; paternal,1451,,å…§
708,Ä‘á»£i,False,False,å¾…,to wait,1453,,
709,Ä‘a,False,False,å¤š,many; much; numerous,1459,,
710,mÃ¨o,False,False,çŒ«,cat,1481,,
711,dáº¡|duy,False,False,å”¯,"yes, yes sir, affirmative!",1486,,
712,cá»|ká»³,False,False,æ——,"flag, banner",1505,,
713,cá»,False,False,ç¢,chess,1505,,
714,yáº¿u|yÃªu,False,False,è¦,"ã€to need, to require, to demand; necessaryã€‘",1524,,
715,kháº©u,False,False,å£,ã€mouth; entrance; gateã€‘,1525,,
716,Æ¡n|Ã¢n,False,False,æ©,"favour; ã€kindness, mercyã€‘",1573,,
717,háº¡n,False,False,é™,limit; term,1575,,
718,mÃ´i,False,False,åª’,"ã€medium, intermediary, agent, go-betweenã€‘",1582,,
719,chá»©ng,False,False,è­‰,"evidence, proof",1611,,
720,bá»¥ng|bÃ³ng,False,False,ä¾,abdomen,1621,,
721,hÆ°á»Ÿng,False,False,éŸ¿,ã€to make noise; soundã€‘,1622,,
722,tiáº¿t|táº¿t,False,False,ç¯€,"festival, holiday",1637,,
723,má»m,False,False,ğ£Ÿ®,soft; tender,1651,,
724,phÆ°á»›c|phÃºc,False,False,ç¦,happiness,1653,,
725,Ä‘á»‹a,False,False,åœ°,"ã€earth, soil, groundã€‘",1655,,
726,gian,False,False,é–“,"ã€space, interval; betweenã€‘",1656,,
727,thá»•,False,False,åœŸ,earch; soil,1674,,
728,thiá»‡t|thá»±c,False,False,å¯”,"really; true, real, genuine",1702,,
729,cáº¡nh,False,False,ç«¶,ã€to competeã€‘,1707,,
730,chá»‰,False,False,å€,"ã€site, locationã€‘",1721,,
731,tháº¥t,False,False,å¤±,ã€to lose; to make a mistakeã€‘,1725,,
732,lá»‹ch,False,False,æ›†,calendar,1732,å¤,
733,lá»‹ch,False,False,æ­·,"ã€passing, successive, throughout; past, historicã€‘",1732,,å†
734,háº¡nh,False,False,å¹¸,"ã€luck, fortunateã€‘",1748,,
735,háº¡nh,False,False,æ,apricot tree,1748,,
736,xuáº¥t,False,False,å‡º, ã€to go out; to produceã€‘,1751,,
737,cáº­p,False,False,åŠ,"to land, to lay alongside; ã€to reach, to arriveã€‘",1764,,
738,sá»£i,False,False,ğ¥¾˜,fibre; filament,1768,,
739,gáº¥p|cáº¥p,False,False,æ€¥,"pressing, urgent, hurry",1804,,
740,toÃ¡n,False,False,ç®—,"ã€to count, to calculate, to planã€‘",1813,,
741,giÃ¡p,False,False,å¤¾,"bordering, adjacent, near",1835,,
742,trÃºng|Ä‘Ãºng,False,False,ğ ¦,"exactly, correct; to hit, to impact",1837,,
743,hÃ¡n,False,False,æ¼¢,ã€Chinese; Chinese languageã€‘,1838,,
744,phÆ°á»ng,False,False,åŠ,"ward, urban subdistrict",1843,,
745,anh,False,False,è‹±,"England; english; ã€brave, hero; petal, flowerã€‘",1861,,
746,ngá»¯,False,False,èª,ã€languageã€‘,1867,,
747,nhÃ¬|nhá»‹,False,False,äºŒ,ã€twoã€‘,1869,,
748,dá»±a,True,False,è±«,to lean on; to stand against,1908,,
749,há»™p,False,False,ç›’,"box, case",1916,,
750,non,False,False,å«©,"young, tender, green; premature; mild",1932,,
751,non,False,False,ğ¡½«,mountain,1932,,
752,luáº­n,False,False,è«–,"to debate, to discuss; essay",1945,,
753,sen,False,False,è“®,"lotus, water lily",1964,,
754,chÃºc,False,False,ç¥,to wish so. sth.,1965,,
755,triá»ƒn,False,False,å±•,"ã€to open, to extendã€‘",1992,,
756,hÃ²n,False,False,ğ¡‰•,"hill; small island; ball, piece",2036,,
757,kiá»‡n,False,False,ä»¶,item; case; matter; to sue,2062,,
758,cáº­n,False,False,è¿‘,"near, close",2065,,
759,khÄƒn,False,False,å·¾,towel,2072,,
760,xÃ¡,False,False,èˆ,"ã€house, dwellingã€‘",2086,,
761,tá»«,False,False,è©,word; phrase,2092,,
762,dáº¯t,False,False,ğ¢©®,to lead; to tow; to guide,2099,,
763,cÃµi,False,False,ğ¡,"world; country, region",2152,,
764,táº¥t,False,False,ç•¢,"all, whole; ã€finish, completeã€‘",2199,æ¯•,æ‚‰
765,táº¥t,False,False,å¿…,"surely, of course",2199,,
766,Ä‘á»‡,False,False,ç¬¬,"ã€sequence, numberã€‘",2282,,
767,doanh,False,False,ç‡Ÿ,"ã€to manage; barracks, casern, encampmentã€‘",2299,è¥,
768,hoáº£,False,False,ç«,"ã€fire, flame; anger, rageã€‘",2308,,
769,Ã´i,False,False,å–‚,oh,2378,,
770,Ä‘áº¯c,False,False,å¾—,,2386,,
771,sá»©|sá»­,False,False,ä½¿,"ambassador; ã€envoy, ambassador; to make, to cause, to useã€‘",2393,,
772,trong,False,False,ğ¤„¯,"clear, pure",2400,,
773,dÃ£y,False,False,ğ§¿†,"row, chain, series",2423,,
774,vÃ¢ng,False,False,ğ ³,"yes, all right",2433,,
775,nhiÃªn,False,False,ç„¶,"ã€so, like thatã€‘",2445,,
776,ngÃ´n,False,False,è¨€,ã€speech; to speakã€‘,2478,,
777,há»‡,False,False,ä¿‚,"ã€to relate to, to connectã€‘",2511,,
778,há»‡,False,False,ç³»,"system, branch",2511,,
779,vá»‡,False,False,è¡›,"ã€to guard, to protectã€‘",2566,,å«
780,tá»›,False,True,ä¼µ,"servant; I, my, me",2576,,
781,ngÆ°,False,False,é­š,ã€fishã€‘,2596,,
782,cháº¥p,False,False,åŸ·,"ã€to execute; to grasp, to seizeã€‘",2683,æ‰§,
783,cÃ¢n,False,False,æ–¤,"to weigh; scale, balance; weight; kilogram",2704,,
784,khoáº»,False,True,åŠ¸,"healthy, strong",2719,,è·¬
785,ngÅ©,False,False,äº”,ã€fiveã€‘,2840,,
786,váº¥n,False,False,å•,"ã€to ask, to inquireã€‘",2846,,
787,háº­n,False,False,æ¨,hatred; resentiment,2996,,
788,ngÃ¢n,False,False,éŠ€,"ã€money, cashã€‘",3007,,
789,ngÃ³i,False,False,ç“¦,tile,3013,,
790,dÆ°á»£c|Æ°á»›c,False,False,è—¥,"medicine, pharmacy",3189,,
791,tra,False,False,æŸ¥,"to seek, to look up (in a dictionary); to investigate",3268,,
792,nÃ´m,False,False,å–ƒ,nÃ´m,3290,,
793,quá»³,False,False,è·ª,to kneel,3338,,
794,sÃ´i,False,False,ç‚Š,to boil,3378,,ğ¤‰š
795,sáº£n,False,False,ç”£,ã€to give birthã€‘,3394,,
796,khá»•ng,False,False,å­”,"ã€emptiness, hollow, hole, openingã€‘",3439,,
797,quyáº¿t,False,False,æ±º,"to decide, to determine",3446,,
798,Ã¡p,False,False,å£“,"to press against, to oppress",3543,,
799,Ä‘Ã¡n|Ä‘áº¿n,False,False,æ—¦,"ã€day, dawn, morningã€‘",3550,,
800,nho,False,False,å„’,ã€Confucian scholarã€‘,4045,,
801,hÃ©t|hÃ¡t,False,False,å–,"to scream, to cry",4060,,
802,cáº£i,False,False,æ”¹,"to change, to alter, to reform, to correct",4212,,
803,kháº£o,False,False,è€ƒ,"ã€to verify, to test, to examineã€‘",4239,,
804,thÃ |tha,False,False,ä»–,"rather, better",4389,,
805,náº¥y,False,False,ä¹ƒ,"that (one), that (person or thing)",4435,,
806,sáº»,False,False,ğ¢©¿,"to divide, to share",4616,,
807,má»™t,False,False,æ²¡,ã€to sink; to have notã€‘; also: number one (see ğ ¬ ),4619,,æ²’
808,lá»±a,False,False,æ”,"to select, to choose",4822,,ğ¢«˜
809,bÃ¢y,False,False,ğ£Š¾,"ã€this, thatã€‘",-,æ‚²,
810,báº­y,False,True,å‘¸,wrong,-,,
811,chuá»·,False,False,ã‡¶,(iteration mark),-,,
812,chá»‰,False,False,æ­¢,ã€to stop; to detainã€‘,-,,
813,chá»‰,False,False,ğ¥¿—,thread; yarn,-,,äŠ¼
814,hiá»ƒm,False,False,éšª,"dangerous, risky",-,,
815,háº¡ch|cÃ¢y,False,False,æ ¸,nucleus,-,,
816,há»‘i,False,False,æ‚”,to repent; to regret; to rue,-,,
817,há»—,False,False,äº’,"ã€mutually, reciprocallyã€‘",-,,
818,khuyá»ƒn|chÃ³,False,False,çŠ¬,ã€dogã€‘,-,,
819,ká»‰,False,False,å‡ ,,-,,
820,ká»·,False,False,ç´€,period,-,,
821,láº¡i,False,False,ã‡´,(iteration mark),-,,
822,má»¹,False,False,ç¾,beautiful; America; american,-,,
823,nghiÃªn,False,False,ç ”,"ã€study, researchã€‘",-,,
824,nhiÃªu,False,False,é¥’,how many; (quantity),-,,
825,nhÃ¡y,False,False,ğ–¿±,,-,,ğ¡¿¨
826,nÃ£y,False,False,è¿º,"just (now), only just, a short while ago",-,,
827,phiáº¿n,False,False,ç‰‡,,-,,
828,phÃ¨n,False,False,ğ¥½¢,alum,-,,
829,rá»“,False,False,ğ ±‹,,-,,
830,vÃ³i,False,False,ğ¢­²,to reach sth.,-,,
831,xáº£y,True,False,ä»•,(see: xáº£y ra),-,,
832,Ä‘iá»ƒu,False,False,é³¥,ã€birdã€‘,-,,
